symbol,action_type,ex_date,ratio_from,ratio_to,record_date,source,verified
ADANIENT,BONUS,2017-04-26,1,4,,PRICE_INFERRED_NEEDS_VERIFICATION,false
ADANIPORTS,BONUS,2024-06-04,1,4,,PRICE_INFERRED_NEEDS_VERIFICATION,false
ASHOKLEY,BONUS,2020-03-23,1,4,,PRICE_INFERRED_NEEDS_VERIFICATION,false
BAJAJFINSV,BONUS,2020-03-23,1,3,,PRICE_INFERRED_NEEDS_VERIFICATION,false
BANDHANBNK,BONUS,2018-10-01,1,4,,PRICE_INFERRED_NEEDS_VERIFICATION,false
BANDHANBNK,BONUS,2020-03-23,1,3,,PRICE_INFERRED_NEEDS_VERIFICATION,false
BHEL,BONUS,2024-06-04,1,4,,PRICE_INFERRED_NEEDS_VERIFICATION,false
BPCL,BONUS,2018-10-05,1,4,,PRICE_INFERRED_NEEDS_VERIFICATION,false
IDEA,BONUS,2019-11-14,1,4,,PRICE_INFERRED_NEEDS_VERIFICATION,false
IDEA,BONUS,2020-01-17,1,3,,PRICE_INFERRED_NEEDS_VERIFICATION,false
IDEA,BONUS,2020-02-14,1,3,,PRICE_INFERRED_NEEDS_VERIFICATION,false
INDUSINDBK,BONUS,2020-03-18,1,3,,PRICE_INFERRED_NEEDS_VERIFICATION,false
POLYCAB,BONUS,2024-01-11,1,4,,PRICE_INFERRED_NEEDS_VERIFICATION,false
RECLTD,BONUS,2024-06-04,1,3,,PRICE_INFERRED_NEEDS_VERIFICATION,false
VEDL,BONUS,2019-02-01,1,4,,PRICE_INFERRED_NEEDS_VERIFICATION,false
VEDL,BONUS,2020-10-12,1,3,,PRICE_INFERRED_NEEDS_VERIFICATION,false
VEDL,BONUS,2026-04-30,1,2,,PRICE_INFERRED_NEEDS_VERIFICATION,false
ADANIENT,,2023-02-01,,,,PRICE_INFERRED_NEEDS_VERIFICATION,false
ADANIENT,,2023-02-02,,,,PRICE_INFERRED_NEEDS_VERIFICATION,false
ADANIENT,,2024-11-21,,,,PRICE_INFERRED_NEEDS_VERIFICATION,false
ASHOKLEY,,2020-03-19,,,,PRICE_INFERRED_NEEDS_VERIFICATION,false
ASHOKLEY,,2020-03-26,,,,PRICE_INFERRED_NEEDS_VERIFICATION,false
AXISBANK,,2020-03-23,,,,PRICE_INFERRED_NEEDS_VERIFICATION,false
BAJFINANCE,,2020-03-23,,,,PRICE_INFERRED_NEEDS_VERIFICATION,false
CANBK,BONUS,2020-03-23,1,3,,PRICE_INFERRED_NEEDS_VERIFICATION,false
CGPOWER,,2016-02-03,,,,PRICE_INFERRED_NEEDS_VERIFICATION,false
CGPOWER,,2019-02-13,,,,PRICE_INFERRED_NEEDS_VERIFICATION,false
COFORGE,BONUS,2020-03-23,1,3,,PRICE_INFERRED_NEEDS_VERIFICATION,false
CONCOR,,2015-01-01,,,,PRICE_INFERRED_NEEDS_VERIFICATION,false
DIVISLAB,,2016-12-23,,,,PRICE_INFERRED_NEEDS_VERIFICATION,false
DLF,,2014-10-14,,,,PRICE_INFERRED_NEEDS_VERIFICATION,false
FEDERALBNK,BONUS,2020-03-23,1,3,,PRICE_INFERRED_NEEDS_VERIFICATION,false
GLENMARK,,2020-03-12,,,,PRICE_INFERRED_NEEDS_VERIFICATION,false
ICICIPRULI,BONUS,2020-03-23,1,4,,PRICE_INFERRED_NEEDS_VERIFICATION,false
IDEA,,2019-07-29,,,,PRICE_INFERRED_NEEDS_VERIFICATION,false
IDEA,,2019-10-24,,,,PRICE_INFERRED_NEEDS_VERIFICATION,false
IDEA,,2021-09-16,,,,PRICE_INFERRED_NEEDS_VERIFICATION,false
IDEA,BONUS,2022-01-11,1,4,,PRICE_INFERRED_NEEDS_VERIFICATION,false
INDUSINDBK,BONUS,2020-03-23,1,3,,PRICE_INFERRED_NEEDS_VERIFICATION,false
INDUSINDBK,,2025-03-11,,,,PRICE_INFERRED_NEEDS_VERIFICATION,false
MFSL,,2016-01-27,,,,PRICE_INFERRED_NEEDS_VERIFICATION,false
MOTHERSON,BONUS,2020-03-12,1,3,,PRICE_INFERRED_NEEDS_VERIFICATION,false
PFC,,2024-06-04,,,,PRICE_INFERRED_NEEDS_VERIFICATION,false
RBLBANK,BONUS,2020-03-16,1,4,,PRICE_INFERRED_NEEDS_VERIFICATION,false
RBLBANK,,2022-06-13,,,,PRICE_INFERRED_NEEDS_VERIFICATION,false
SAIL,BONUS,2024-06-04,1,4,,PRICE_INFERRED_NEEDS_VERIFICATION,false
SIEMENS,BONUS,2025-04-07,1,3,,PRICE_INFERRED_NEEDS_VERIFICATION,false
SUNTV,,2015-06-08,,,,PRICE_INFERRED_NEEDS_VERIFICATION,false
VEDL,,2016-02-15,,,,PRICE_INFERRED_NEEDS_VERIFICATION,false
VEDL,BONUS,2020-03-23,1,3,,PRICE_INFERRED_NEEDS_VERIFICATION,false
YESBANK,,2018-09-21,,,,PRICE_INFERRED_NEEDS_VERIFICATION,false
YESBANK,,2019-04-30,,,,PRICE_INFERRED_NEEDS_VERIFICATION,false
YESBANK,,2019-10-01,,,,PRICE_INFERRED_NEEDS_VERIFICATION,false
YESBANK,,2019-10-03,,,,PRICE_INFERRED_NEEDS_VERIFICATION,false
YESBANK,,2020-03-06,,,,PRICE_INFERRED_NEEDS_VERIFICATION,false
YESBANK,,2020-03-16,,,,PRICE_INFERRED_NEEDS_VERIFICATION,false
YESBANK,,2020-03-17,,,,PRICE_INFERRED_NEEDS_VERIFICATION,false
ZEEL,,2019-01-25,,,,PRICE_INFERRED_NEEDS_VERIFICATION,false
ZEEL,,2020-03-18,,,,PRICE_INFERRED_NEEDS_VERIFICATION,false
ZEEL,BONUS,2024-01-23,1,2,,PRICE_INFERRED_NEEDS_VERIFICATION,false
